{"split":{"0":"train","1":"test","2":"validation"},"lengths_mean":{"0":1153.0,"1":3370.5,"2":1048.0},"lengths_std ":{"0":526.4558649856,"1":3968.5326318427,"2":163.501274205}}