{
    "split": {
        "0": "train",
        "1": "test",
        "2": "validation"
    },
    "lengths_mean": {
        "0": 14.5008545791,
        "1": 13.4438332368,
        "2": 15.7988311289
    },
    "lengths_std ": {
        "0": 11.6025750232,
        "1": 11.5514333285,
        "2": 12.6025590938
    }
}