{"split":{"0":"train","1":"test","2":"validation"},"lengths_mean":{"0":18.4826163819,"1":18.1771561772,"2":15.5926660059},"lengths_std ":{"0":7.4734547788,"1":14.3665957735,"2":10.7955863007}}